-GUIWkHsBZx66FKsB5uHTA,KcVdgUKOg43tt175Glr2KA
-JzfHuP5Pnta8kcjsix9Fw,ChclJ6nJqcUZNb5kw_xJxg
-baG6oe3s8kEqzcgM9LNug,hrcp108En5ZmJa0RelpLJA
0LyHzvjwksGXls9mIAlazA,H8E9QaaMz6UwzT969gzwnQ
0QP7hL53eRuTQeOhVuW3bA,vYUDwgAWknyLPCgvnRoHmw
0afz1vOZStFmx0vUrWL6Ng,nDHO5lPfnKx1mG9bbjP9Cg
0u09sXNghaurwOeR8N-XkA,3kX3IM_VQyAnzL6RHITYng
1aDWYi0rmz0rbQ7OAfsdtw,LjS2gu4EEQ5Kumvi3a9wNg
1vM0e2fsy4_lZOGxlHUnrA,8CsCEa2w9nWgKNw2X0-qAA
1xDIM9uej3ZLDSJzN5of1g,F_JPc9aQw56ywZWzHXYXKg
25fyYVPPquy6moQhEgW0ew,oSuPS01eaWlQEnLpDJfz0Q
29Ifa1XmZhSQfmIrcCWt-Q,Ds4tjzBCTVFd8zruyZ6U0A
2v8lWJAV76OzTStVPwOZPw,Cytj07kHwUJ-ZPaWf67ncQ
3tBbjZt_uoU6-xYD8pHtwg,BrZNhHAxXIC7RdWj72TD9A
3u2tqF9KX7bEs_Pd3WYKSQ,PFeLoFNR3ka7B6lI9lZZWw
45iWmKSAmn3q4ZeRm03ZWg,GS6XhynO-Ktbwb3qYiM46A
4GOEqgP7kiaL4y_10aYetQ,ZgAAMl_H3vdO0dS2Hvm8gA
4QS3yhnU60D4Hy6gGM_Mtg,IvnVFb11K_mO5FdVPtc41A
4giyF4rE89nFK_OXG6bcWg,owzXjIPXxSDq6WuLei8Vzg
4kZLE-A66ssH-RholckG8A,gXrmGgSczNtb6Cb7jq80vA
4ks_k4mFCNnawSp8q8Mu0A,9aO47UZGMY0B2WM7AfkRuA
4uEUIrsN8TJD4NUYLKV1mg,6oJHVwoXC4nwqeTMEQZUWw
50kTYsy4zEgsCx0TtqFmlw,YvbxY_1iZOHnscROB6qxDw
5QqfPkR_aIR8XZVe8Ep_eA,6nBJyo06STuZX3HDkB30mQ
5S1SGSJIdYR7o-1RQgezmw,1Qz5mA9zDjTwTyTTyyT1GQ
5aoBRTNIgVqKTf2Sgvu40g,dZZOkf-_s0QrxhFnXKe_gg
5wUdVO9-X9VctB93nr2tGQ,LBEng2R9tEQ7du4tFsMK2g
6KVFNW9XMUGlaJydJ6_gJQ,hgWDHB0g91mAufdQYu5S6w
6_8qDNKoqE2otKuYoDA5oQ,-9YMQCqYrxV_sOmo1xW1Cg
6pWIOPKUDfxDihA7-VZFtw,Q3KwxH-pIYFQaBtYJGf_Fw
7awzbxuJY0FZtbC8KcMF0A,s3m_ePPex8QB6x7kV33ZFg
7rplJXM-o1MCMMgxL57Qag,iZXUiJu-X5wHPJLyxr8Ysw
8mMxoI9IaikkSF-D5BVVcg,AjBcTvrEsthiy3IHb_B-nw
9oTXeYV81riEZYfQEqHR3g,oTnnDHflxbmQbuWGLS95tw
ASayiJbT3NcTN_rub127TA,HL_5st2OGp3awrbl-a1bNA
A_nrNIPrwPGWMIq7hIefrA,AGoILJMcukcB8WeRrYNJZA
Anf1OAZE0wJDhOXBORGvsw,c9Lo01oZ7u2PvEsFIkH2SQ
Ash21Fme3El0o-dtvUa-6A,wTfX6vXT3tCy8HeaLR-BYw
BBxELX-KOxlHk9tj5a1Mxg,tJT07GVGJ8qln6-k_yQ43Q
BFm1xgrTKxpe5VqRgfESHQ,HsT-t4f317kO-5OKbkjQIw
Bm1szoOkmnSluyKOGBbYlg,TzSbEKhuhFFh068XBBDRUg
C-HIhU5upyTaufOINpm1kw,7RsTgYWFrJZGM_vWBAMuFw
C5rFtp4r4C6Pc0ct5Bcg2A,pD_9Z6avys_tk6wMhtepsg
CP0DwICotnYBxDoRgbNRaQ,aD4u822xcf3MIQkIppYUNw
CtXmMGD1In3EFDzyL4j-6Q,57AxGjtTf8qtM_oq_8F-RA
Cz7l-___qR0MECR09RO0Fg,Qhawc6ZXovDcMG0KPdEgGg
D7EpmpBr2RAih526nRl-nQ,V-NezyjPRLK-NHqOUsGerw
D7gWxvqZYkI6hWKbxqtmiA,hgDamgNO9nMHoyks_SRnzQ
D8lD3ph5tBxVtBKbrPsbsA,7QQWjq8UIADoZ7GMMlN_6A
DKe7LF3cnBLwNEd_D8zPuw,j5GuavZUbJhWgdY3V8HqWg
DKjF9GabyTadhD0klprvjw,BB-EmgBH12rNOof_5zMQcg
DxKRM_hL_vOLjLpACnNc9g,KeBFPUnwufHZpX_9IeyP6A
EJSA2jHtjhzCrRTFyhnhHQ,RfGr8pz35ktQNdYdXiGdyQ
EPLWjI-SQqxX4dP69rzMqQ,Xlquj5AD2MxI3IR-vOXL8g
EX2JU0Engl3a2JZq_QZW2Q,MUc6B16JcrH_9lKp1Wrm9Q
EcCiFuKnWaK38NMZ79YrRg,SugovQhlNmgjpuUDOtYvGA
EgN5WVINKHBwdD63QryPdQ,O27o_ag4t-h_dp2dYDF-8w
F16g6aw9dxldrP8lRSsYEA,SzX2qFu-Ol91-5JD2cd7rQ
F27NimBlhBXIyfn-1zu2VA,cR9loTTfhZMzZ_uj8kkKiw
F7pk-OKwj-_HiK_Y6LmTeQ,KkYbnFG66_i_uBxWwAYxYQ
FKE4RlhLysCirHVuaAefOw,ze1NRDsoSE2im3JUzR44Fg
Fcx8iSU_u7hN1v6jC6bRBQ,nB28AMiMKFb53kDkPIas7w
Ft1NFEhjz201Zt19wZcthw,2xsldwuoLw1WfdYDKcdqPw
GEruojVott0BhxcHp1zBYQ,THCOye7TGkq-fpBQHKKgig
GPoEG3ns-SHGDaQ-YF_BiA,qGy4qEP52b0D9WqHGc49eQ
GWwXOwjKq5HMXOnO3hE1Jw,1-zOOnSvZ5YcwZY4ivib9A
GYLHBkP8aZTnnJ5B76LtNQ,60NLNfiHXHFvHAqX-1MDLw
GhPGjYeobtrIZ2qcyOpNnA,6qqBS8qbxMMjGetLB9Jg4Q
HQAHP7ISTAJjY-0on_Uqiw,oWzVhOvsxa1NoBP8K23pcQ
Hzxlz116rkCBw4vtJsV6ww,HXaX1yM8j7iqyFp9gNnv3A
I3QPAvPoYTmx_fWPvRKbzA,WAGu2VTzV2OtC5oG91rAPA
I_fp_pbtEcdgO3_AXmJ4uA,O0_0naylB58ONT-W0Zex9w
InwcOcq_ZixUI-dNlEAQRA,VX9LN8pDJKtTiFqRFndtOg
JHdZ033Ri8A77-KBcKIFJA,EebyTXpWKGqjOqFg_8NT_Q
JZtxLd6zNgokSwwvddJ3UA,sRRx2wHGjqVqhrXIeFL2wQ
Jfc3sOxov-VMEWg87JylcQ,No06e6bGPNaMsdhqnSbxHg
K3r_jFOcEzhcCiUhEen5YQ,Kp_CNKHZxh8odfEW2WjRPg
K7HjexUShEmIqRYToCQTyw,6dkVzGkdCAbub3vYz9GdTw
K8-FIstAHkgXEl7-J-vsUg,MPPtHd6KJLGSLiUQRJpT-g
KOOOpRpR05x2IM2O8rtcyA,Wg3XP9uOYYz8VwdWvy801w
L0kYJvUMzYOZIAFl2ezpww,Yllo5dM-Dd5jUIrpmkipsA
LiB8dC4krMK5P7Mb3DHg2A,rbejbU-uP3cxR4hOAlssjQ
Ls5XBkT2_6IfU4gYFbNdUw,c6GXT0cdkvKnZgU2ZFXHtQ
MGuvw2O166RytEyU2ZITLg,KemqPidYTaUskZlgiPdgVA
MI6GccSHQ9S7jspFbzyc-A,Hze-ylr6KPa2rI_Hl10Zng
M_x2OOjQyYA1Ow-ldM-sxQ,nCaApoRxWMjrgBhDQq1AdQ
MomEZRlqxYvPnfcEcom-GQ,X51ReYkVYnGmBlQ5g03-qA
N-pyuflTp3c9nXO5mj087A,cCcNuLOCcrOb6WFAMb0VGA
N2ObKet3pnM_jusP9xZesg,sCSGdHbDpCmRHY3NCWc8Vw
NdcVlKTtHHtZO9YR2iK7YQ,Ygdnd4jNLNnvufeC9RAszg
OFSvwQVn8ylw-Cbouo6MrA,Z9jWUaJQT941GUYzUNhS8g
OWZzl_e1-9MVhXsCmjpWQA,5-DljiLV8CGRXr5AQDx3uw
P-ES1J7COE_ozNuKV8scqQ,20hV7TRpJY6MTopMOxo-ag
PKY5nl4v93i4K37D6Qn7kw,Zqp1ybZzM7jbLtdtA6Qk0w
PP0NPkhEXZ2P4awDQ11RkQ,DbTD2oSJm18iZX1NfWRf4g
PuI3dDBquINOfadX8cjHdw,K7WDuM_rr2pgIGVV5dEyeg
QNzzUb_N1STgMzuSTe1fPg,QMDxiDIDmMt5SBx8_92LTw
QSg-NwDf1R3EZ8OJ4J9Gog,M1lipK6CrGBtGNhdx5hFfw
Qc8BC7_gQB0-6EpAoFdS9A,ygBlyg4FtqZVBK8vUqxCxQ
QqPaV9lWKTYISHV4Ie9Vbg,9UJHMZSvnQ3YsYmeUXu4mA
QvAyufyRUV4VI0BIojC6CQ,Fxlk5sUvsmyBOJ23gXEFKQ
RENjXAaMmlS0QzpbiqVdBw,lk6r1egGT_Ljuvqs9qZ6UA
RHWuFrsN_L1f0EMSbvjGEw,5_9azReVuvW2lyumcoA20w
RXTMwQRMo-owUYcw9QqrsA,synUdF8fZ2RVM2CErAAtxw
RjcmGYk_OMysMO9QMLK-Xg,NPlBzR9Ru7qVZPmjklIgsg
SISgNdGp90uuksjLTiMqsw,PKnSX24gVp-6UbvlwoLWiQ
SaaRujoRLVVqbTE0DbUhbg,03-8sFWRz4xfL1-WtbI-zg
TjLA-uitmgvciNHsKoOviA,QCE-XvF_XBdagIfGLvMvgA
VTUUA52F23dAZnSFflY19g,BQqYqh5ZrlfI6lftDo_vBA
Vq9YxXMHzDJKKmAzj71CHw,ciVtx6vYueI5dQ5HNiZDiw
W2ZO1AWbxTRN-kg9kDwORA,d0F8iPTxCsHTNVTGS4vy2g
WSx8qi9CIf-44qB4Bi6MIA,XgKzI077ivFYZNrJpQw5hw
XBB5fbXPZ6TUfWnVXcc_hQ,DXXe3Su_TzFRwg0Jc9HRGA
Xk5hK6EbA3HkX8M8PRuxYQ,vszxxjjMcSWoCdw2S9AY6w
Xlq3OVmCs9spa3PEc0yQLg,nu3ZbEPIgfQYjqo-9UjEqA
Y2EvbWFpbEJpbmQubWQ,5M8syzvcOWDkN3DYrEPDNA
Y2Evc2lnblVwTWFpbC5tZA,N1mPeAmtFd0j85Y6-jUbkQ
Y2ViL21haWxCaW5kLm1k,4BwDznEJiO3qOu9atB2eIA
Y3MvbWFpbEJpbmQubWQ,I20lvnElD8HERWlHchcOcQ
Y3Mvc2lnblVwTWFpbC5tZA,2z8d2CQQoEN8pMr2W1t0Qg
Y3kvbWFpbEJpbmQubWQ,AkRgee_2gjiOnXDRShAmTg
Y3kvc2lnblVwTWFpbC5tZA,SAw3gxFWTcOsyFqj_zJF-g
YWYvbWFpbEJpbmQubWQ,HbqtwykvRr5cRtlRJivnOA
YWYvc2lnblVwTWFpbC5tZA,RFaZp-tBLM-63QbCg1jJBw
YXIvbWFpbEJpbmQubWQ,lqj_CxAkduv1UJvoar2V_Q
YXIvc2lnblVwTWFpbC5tZA,uIF4sHm3ye1g69EUc3cfPw
YXMvbWFpbEJpbmQubWQ,JsS-hJWsFsWY5X6OMc9KNA
YXMvc2lnblVwTWFpbC5tZA,W6Ocx6TcnB3qgg2X2ohDow
YXovbWFpbEJpbmQubWQ,30T4W9BKB9ll5I2Z-Ye9BQ
YXovc2lnblVwTWFpbC5tZA,8cjIwSsE3ENb2RsTOiQPmg
Ym4vbWFpbEJpbmQubWQ,To73mqfswy3MQrNEpvPGrA
Ym4vc2lnblVwTWFpbC5tZA,qJopk31hh8Ot_wESmrKdsQ
YmUvbWFpbEJpbmQubWQ,KhjF66AYUVceUIfjF2_Gvg
YmUvc2lnblVwTWFpbC5tZA,zsd87gloHRygarHnw_okVg
YmcvbWFpbEJpbmQubWQ,pdobzWtRkbdA4mWV1L7tDg
Ymcvc2lnblVwTWFpbC5tZA,WWbz5hQMo1v4DIrqRArt0w
YnMvbWFpbEJpbmQubWQ,BNivoIp4viYu1MmOxHsSXA
YnMvc2lnblVwTWFpbC5tZA,g08md0zZWaTG08Hz0NEWbg
Z2wvbWFpbEJpbmQubWQ,xVjJJ-OnDjXuGupfqm_wJQ
Z2wvc2lnblVwTWFpbC5tZA,kwwS0B2GPeEl6uadHwcEUw
Z3UvbWFpbEJpbmQubWQ,gyZbuLkObq5B4UUo0QPSUQ
Z3Uvc2lnblVwTWFpbC5tZA,buRfOHPAKKTfoaMlT8GttA
Z8I4bur_er2UpgFTf-77eA,CcbwZFuGKt38fRr5XL2ftw
ZGEvbWFpbEJpbmQubWQ,fhniMY0xq7x12Zd5p8Bg5Q
ZGEvc2lnblVwTWFpbC5tZA,dlB4yAMxsQzluh8wwbXmnQ
ZGUvbWFpbEJpbmQubWQ,E7ZC6lry8_OSSoKz8y4icQ
ZGUvc2lnblVwTWFpbC5tZA,kstQgpXjQtFsrzGVmIJ7VQ
ZMKBQ3-ikllQfu1Vg3wAjQ,Os_46HJywxqGEO-FtRfCQA
ZW4vbWFpbEJpbmQubWQ,CJRNVRlA4E7UzYo6COVprQ
ZW4vc2lnblVwTWFpbC5tZA,bAKgpRXY0FJ2sQBzftlcsw
ZWwvbWFpbEJpbmQubWQ,rA8BdQpkOPVj3SikL4e6-Q
ZWwvc2lnblVwTWFpbC5tZA,dDjXxSlbcQ32W6t5KwId9A
ZXMvbWFpbEJpbmQubWQ,Y6b-2JR_zbx8Yk-a4vRzZw
ZXMvc2lnblVwTWFpbC5tZA,o1_wyLshEetjtuekQKn8pQ
ZXQvbWFpbEJpbmQubWQ,z6tUlokrWxvOXgcocosOeA
ZXQvc2lnblVwTWFpbC5tZA,U56EUzqlcz8D-Mktw_GMaA
ZXUvbWFpbEJpbmQubWQ,A2W8LpoQq3a2eiOFRtM2ZQ
ZXUvc2lnblVwTWFpbC5tZA,M3pZ3VG35UudHrTB8TO95g
ZmEvbWFpbEJpbmQubWQ,E5JLCPyXz1Z8DZR2awN2VA
ZmEvc2lnblVwTWFpbC5tZA,EFS50EMFgZEgxCXpHa8IPw
ZmkvbWFpbEJpbmQubWQ,tAVfTr5CdBToqFcunxY9WQ
Zmkvc2lnblVwTWFpbC5tZA,oqQlApumn3rup3DDAwVxFA
ZmlsL21haWxCaW5kLm1k,CFsDiqZ9xJt8f8zlZrwHyg
ZnIvbWFpbEJpbmQubWQ,zOxxON3kSGE8bHUienYUAw
ZnIvc2lnblVwTWFpbC5tZA,vd75wxBc9y4pbCdVNj6YUA
_VEmvxgOEQINePywjNXN7g,UPMfUPYCnxE_8BTgT5sZIw
_YHmuVtntt9kLg57a20GCg,qH9lS0J8J1Ep7LooqqgA1Q
_vNiLL1jCIeOxZOHrQCecw,khwu8s_WpvDryNQ1YPhc9Q
a20vbWFpbEJpbmQubWQ,eqqxMT8VTHJPFKznYBsSBA
a20vc2lnblVwTWFpbC5tZA,DBmPFmeB_KvUpGLn4WFgqQ
a24vbWFpbEJpbmQubWQ,y3081qx4kd3PMLLzqVj7qQ
a24vc2lnblVwTWFpbC5tZA,rbV2vXcUxVSXF8wPRQu2WQ
a28vbWFpbEJpbmQubWQ,icdObU41b44GEddxeFwFnA
a28vc2lnblVwTWFpbC5tZA,ZQ2OtS29lT1fWOeF09JAwA
a2EvbWFpbEJpbmQubWQ,55y-sZ2j6Gegoy7_nZoshA
a2Evc2lnblVwTWFpbC5tZA,7M3ECG54YUHjwHLn18GRQg
a2svbWFpbEJpbmQubWQ,82QTvjXVwkNljD4yqUgjDg
a2svc2lnblVwTWFpbC5tZA,TnQwIY2E64p0_WmC8Wkvww
aGkvbWFpbEJpbmQubWQ,hlwqA6MbsbT-rHmBTIes5A
aGkvc2lnblVwTWFpbC5tZA,b7Slivye1DSjJq_r5xNCqQ
aHIvbWFpbEJpbmQubWQ,-oMuHRbjY-VSojN9NRuUPA
aHIvc2lnblVwTWFpbC5tZA,4BLKheAioLrrZNRQh3rIcw
aHUvbWFpbEJpbmQubWQ,mg29Pnymoc3sTMWj6Bp2lg
aHUvc2lnblVwTWFpbC5tZA,QPQ1-s5xuz7TT5SOQJuxqA
aHkvbWFpbEJpbmQubWQ,VzTIGn9f4nbYfg-mNKSSpQ
aHkvc2lnblVwTWFpbC5tZA,PjHZhzRxv-LQjy_R_CSSSw
aUf4NRdol4QHwsH-woD_rw,QzvpNIXa7YOPen46McwWWA
aWQvbWFpbEJpbmQubWQ,8TAgY4sLpN5tNi5ia9c4RA
aWQvc2lnblVwTWFpbC5tZA,yRpeBehzbxmTMClMkXeoqg
aXMvbWFpbEJpbmQubWQ,3U3IX6GNQGfeHa7r3RelgQ
aXMvc2lnblVwTWFpbC5tZA,_ItaImw8xYt0eFPiExjNDQ
aXQvbWFpbEJpbmQubWQ,6TsVE9daSi75PpU_d3f8Ew
aXQvc2lnblVwTWFpbC5tZA,pBWhCvPqQpByAANUZ4N5rQ
aXcvbWFpbEJpbmQubWQ,6XOCorJrEZOz51fJaHWE2w
aXcvc2lnblVwTWFpbC5tZA,D5udeH3JYdVZ8cmEJ-61VQ
a_4lMFjzDoZf9La2MpTBoQ,XJpOeVGsZQF8i5labN_EMw
agTQNKKl4kdJUOxB-1Cpiw,i36HJ6ronnofgJOeKrAqjQ
ahSXH6gLFto4H__DsLAwAA,yOM9NfFAyFtazxXZpyN1UQ
amEvbWFpbEJpbmQubWQ,4HgUkFWxUsd5Vy-mc-IXfA
amEvc2lnblVwTWFpbC5tZA,b3W_mPwT-UQyoOvhbaRnnQ
anYvbWFpbEJpbmQubWQ,7BRY9d8OMMx6sEjAZrmScA
anYvc2lnblVwTWFpbC5tZA,Csamqs12Tanoa0ydUInRCA
asPIH-nvoIcoJuCG8RbpuQ,nfMiyDouuzqgRlR3kf35ZQ
b3IvbWFpbEJpbmQubWQ,esFU5ae-FJG1qq_9FvnIGw
b3Ivc2lnblVwTWFpbC5tZA,Ar02bbGPrvf5gGK-rjcEZg
b3b6Y4whxNnYtaGtpzCEkA,VpxqxGMNBNbgMbDC0MRFsA
b4_ig_QhNAwiuhCtgcWPOw,T8uflVEiXKf1FbE7WkbI2Q
b6gGhfx8AxOi_qzBkhG_Pg,Bfyr8fcTFdkUpJ_8txlf4w
bG8vbWFpbEJpbmQubWQ,ixDPSP8yR6KtqEzfeqzArA
bG8vc2lnblVwTWFpbC5tZA,5SMlhsec6j7--X6iAbNv4g
bGIvbWFpbEJpbmQubWQ,oCm2xHU1pJ0sAAvf-WElsg
bGIvc2lnblVwTWFpbC5tZA,eFEo-mW07u2v1PkxR2-_Hg
bHQvbWFpbEJpbmQubWQ,IaGHKyQ-6thNIL-Z2yGcMQ
bHQvc2lnblVwTWFpbC5tZA,IejhLRu8iz4rhmlR4OPypA
bHYvbWFpbEJpbmQubWQ,6Wq7q4r4vGv-dfSdjfkl0g
bHYvc2lnblVwTWFpbC5tZA,pWQlURwJKKFQugpckbwxcg
bWsvbWFpbEJpbmQubWQ,HAcInROJLyUFQzg8e80H4A
bWsvc2lnblVwTWFpbC5tZA,wbTRtv3T3IWyz1KMvQFqKw
bXIvbWFpbEJpbmQubWQ,SS5NDO55svzVbTD_WYuUQg
bXIvc2lnblVwTWFpbC5tZA,RlxWWvGRuC-UTvAjtSjxOQ
bXMvbWFpbEJpbmQubWQ,LDI-ZQQAnt7eByr1vQ4O0g
bXMvc2lnblVwTWFpbC5tZA,5sS3iq7OOG295-VQD0ZBmg
bXQvbWFpbEJpbmQubWQ,-bgv7oZttutCqKUuxJXCEg
bXQvc2lnblVwTWFpbC5tZA,J_vdkmOJxLaQFZAkgSWMug
bXkvbWFpbEJpbmQubWQ,1CQ0jUQ5uLosojo1lP3MWg
bXkvc2lnblVwTWFpbC5tZA,aC9tYyFNFj8Ty9Gx3lXv0g
bm8vbWFpbEJpbmQubWQ,sDF8tYYoEKQLfAFB5xL_oA
bm8vc2lnblVwTWFpbC5tZA,fRJaJLQ5rSFGjJ3j32mUyw
bmUvbWFpbEJpbmQubWQ,8NG6dTt8WXQ53Fq-uDce3g
bmUvc2lnblVwTWFpbC5tZA,AV61j68HnWwIj__lacq5RA
bmwvbWFpbEJpbmQubWQ,IOkWSHcsmjHFaR9d1zBNUA
bmwvc2lnblVwTWFpbC5tZA,riSU4ytKXNo58k2oqQufpA
bq3WRF4tac0Y4zT9m10V6Q,rKr0CSCjnsADLVIandF9EA
bwNPNrN3nu0eNvatLN3FcA,RNYO9sTBneOA_Dj-f5tAXw
c2EZDKuhI3agu1pXbZBI2g,18s8zlLbemrXTfEGDWlD9Q
c2QvbWFpbEJpbmQubWQ,YyGFFyckg-hBxdMd7HaEqw
c2Qvc2lnblVwTWFpbC5tZA,ygqJDGqeGBlCYrwq-svE_A
c2kvbWFpbEJpbmQubWQ,CCkNjw4y36-CPlzqs9MTUg
c2kvc2lnblVwTWFpbC5tZA,KmMuM_5ksR92gQ1ccqvjOg
c2svbWFpbEJpbmQubWQ,hvZkWZaPM8YM89fJHkQNEg
c2svc2lnblVwTWFpbC5tZA,w7rYTCUpLq6ZIfTXwXPogw
c2wvbWFpbEJpbmQubWQ,O3AVCMOqBuY-PenZgtT6bg
c2wvc2lnblVwTWFpbC5tZA,VOI2tK9DsmR52RlEOFkUnA
c3EvbWFpbEJpbmQubWQ,z1CSt549vVHGF59uRXFMZw
c3Evc2lnblVwTWFpbC5tZA,h3qoUbcBjTjM2n5Np9NsqA
c3IvbWFpbEJpbmQubWQ,Zkr5o55-YGOS59pa6oMXTg
c3Ivc2lnblVwTWFpbC5tZA,dl8HmDE3-RWLoSBPWJYz5Q
c3YvbWFpbEJpbmQubWQ,qPvZIY10nf7luLses0mvGw
c3Yvc2lnblVwTWFpbC5tZA,mNza1jH-V5VkGiKaG45wVA
c3cvbWFpbEJpbmQubWQ,bxpifKGGGYucEilKvp9f0w
c3cvc2lnblVwTWFpbC5tZA,toFiAG9o4lttwYNT0Rv_5w
c8DsWNCsaK5gQMWbq3mvHw,Mep-gDZexTroY3jEr-In7g
c96PdUpQkczh1iCHEENlLw,A4KQT7RvjMkrITg7v7aIKg
c9Gu59L9LCLB8HAQR1YMHQ,vsZvDTFd2KQm1EaIejlGVQ
cGwvbWFpbEJpbmQubWQ,J8CaULLSLVfBwkCo6eJq3g
cGwvc2lnblVwTWFpbC5tZA,2xhlozvrAilcxIiyOHohTw
cHQvbWFpbEJpbmQubWQ,RAcJ93QPn4YUBDpKpBmheA
cHQvc2lnblVwTWFpbC5tZA,1sX4Z98RWraybtokK-hSLQ
cMj0tCTGmI7bWoqFXibTZQ,9DIGZqW_p5YgGjIxQXn1Ww
cP0tfVL2bcBXp_8KMtvQ0Q,LOAIP2HVLNVqirjBudMkAg
cd51CS_828r489fG0YGFUQ,SjXIK3qzXqR0WK9sFzGH6A
cm8vbWFpbEJpbmQubWQ,qCzoQrGcFHBjOQyRjP3GJQ
cm8vc2lnblVwTWFpbC5tZA,1BTVFMMxA2XYVdKBTVyEkg
cnUvbWFpbEJpbmQubWQ,ynUS1qTMVhIfGMJg5EIjRw
cnUvc2lnblVwTWFpbC5tZA,wEd6jpcSScKGTJf0zR3kwg
dGEvbWFpbEJpbmQubWQ,LqGMMdfXpkElldbAz8DNmA
dGEvc2lnblVwTWFpbC5tZA,cuOrCSBqOV0k-H_ahbVRUg
dGUvbWFpbEJpbmQubWQ,vbwe4ZuUa0Z6PFz3_3T5dQ
dGUvc2lnblVwTWFpbC5tZA,z5d3lpaWEEhFdiWFbHsW0Q
dGgvbWFpbEJpbmQubWQ,j7wKFTgFYgOe2wWwuBhQDQ
dGgvc2lnblVwTWFpbC5tZA,Z7lLO1spcpXpj389wwaJXw
dHIvbWFpbEJpbmQubWQ,jV1h3zJMM30VRgfnNJudvg
dHIvc2lnblVwTWFpbC5tZA,6BXNbUilZKLueEqGh16pxQ
dWsvbWFpbEJpbmQubWQ,5dlVMppfURJpOHoaC4N8hQ
dWsvc2lnblVwTWFpbC5tZA,xBpfbdjVG5HPg7IXT4zPWQ
dXIvbWFpbEJpbmQubWQ,z1l3aDUOhobZZdL7VMm26g
dXIvc2lnblVwTWFpbC5tZA,MoVLtMCX_n_uqy7qt42XLw
dXovbWFpbEJpbmQubWQ,8dJZTmPuH8hmCQ5IJpbx6w
dXovc2lnblVwTWFpbC5tZA,xcxBOd4d648OFidnJnP4Gw
daewLr9OQ3tKoLK9i4JCFg,cEp9p0jdaSlJqnrv7XiPFQ
de0HiSoqQeJ4QNCvLixcRQ,eMcEObaJhWFwvyy8fGuiDA
dljLRtwdc9OozEkrYEZpGg,keMTcKIT3o8PAWz87ctLcA
dmkvbWFpbEJpbmQubWQ,c7d8ddZ6IqYFF52P1mWsrg
dmkvc2lnblVwTWFpbC5tZA,AwL4vVgVt772I80xjxvQ5A
eBI3xaMAXJ1JGja2xs4LFQ,SKFZ95y3LT6SYTkAxiwMkg
eG5wUYFBaC4C_j7KuXwPCw,n_WBhIyXOi8GglyGW18AfA
e_jbSpbcBgCAg_TsG7T99g,R3nRD9_itRWLhatMZweFMQ
efHeWgRztTBWAcjM7BWpKQ,bj-OzjWiKn49W8mAMaUSzA
emgvbWFpbEJpbmQubWQ,X0Bskt16o6ICfg9P4tj0ww
emgvc2lnblVwTWFpbC5tZA,uEC40H2XhijSu4Q44c9QiA
emvHvNeCqn9OSbcwrMY64Q,9jXrqQ-WyLQRNisv_C_row
fAMSBSyw-D2buyShw2a76g,JlwpCd_ZPkI9Ml4vESQi_g
fd8NblVGSMX3ZFemIofaNw,ecXgJiNwKOK7JHMa-ozo4Q
fdOBdHFRESvQeL3auiP4hA,Hh2p63e9MQ69nmdlBRAM4g
fnn-mlElWRB0AD0EFuaJfQ,ky_wPyWOZdeHF7bf6DAxdg
fzDBFTm8M2ea5JWmqlWS3Q,k2YcY2h1-AocR3PnD8UdRA
g2Mdo_FSA4TPau19bL77gA,1SRV7ubXqFCgjZ3uUopfUg
g3jegdaCGWN1sfDeMxhirQ,7kQy6LaH0w-3gnLFpIukpg
g6Ekqr9tTHZNqfvmsiVSJw,3GIJJP1oLSXxPzvachac-Q
gABiOzpNf9oXI4_IOM9j9A,lHeCnOkXElczccpH5EatyQ
gsx7kG5FWPwwT07wNYN1sQ,3_PMkGcoBfsJgG7xRqiu0A
gwt0WI6toz2HnwjsmIgFow,V2ZDFX03N04dsBRNWRfoKg
h4sOZppp58u3jvYXrH9PeA,IPQWZJSmZkFXsmn8iufaiw
hs5srOJaIP-51WeO7XOusA,KbDwNktTRRXHUwfWIQRG7Q
hv-M3neNaJ-LP3OU3HHT2A,zF-6hCCcn8lN2ies5QyT0A
j44W9GBDbD0ImKdLYjlyCw,MWKIE9JkIcBddoQ9tFSygg
jG8d7GQZmI7jPeFE-eWrEA,VsI8SLRzr6u3omWLOIzqJw
jmUXvuA84m4qXv6kXcQpPg,1YXv4Tny3KKb4rLjzBLkVg
jnpQwtvMNRM-Hkrjo7I9Cw,VORqdXAv_FcoJxGVYxwagA
jyqXZpYzla7esPrnu6kdZg,betDVZxyOiZpdcaueZys8A
kcNWDpLiiAXDBwQr8oeuQA,qffFy3C2HgyjDx0IN2SeQw
ljJjEoHi5VJtkuY73aMqGw,--GjYPI4JXXbg7mQABRNmw
m68Ik9OBy8q8xTwCDaIwUg,WHvpUhzfgn8p8UHsh3AhNQ
n16vLxPprhN0TU3K-E8OwA,lF0H6mfDs12WMIhB8f4Plw
n3z_IO8PiQYST95Dgt7LYw,B79L-jxsM70ZMJXRYRSNOQ
nO8NKW6a1HH3f3kzJSsj3g,rhWyIEhvJy7Pm3Pkyv5DSQ
o7gIg0RDCiLq15Ry06sZ6Q,pYG2IW1pPCCYSKIqWiOSsA
oTWk5qelJkDmSxRdyFUIaw,c8Le68KHfrTz_i52mMlKnw
ocp4DCtV2VD2G8SFVrHQiw,I3KzaxMYXwUG-XMj4i1gEw
otTgth3-bawFaYq9ATyCug,cSl7uniWJWZaTYMZmaXkxw
pgweTkTSYky1adalX5c2_w,7PR6LgRWm1ats1XwC0WMYQ
ptq8wkAQH67wtGCEfUB-kQ,GpKia0oZsArmOhVXCVnmtA
ptsJ6L6gASfnBHDC9sRRKg,RHD61WgQIqs376XJfdccXA
pw8tFVJazPoW6an7Ogov-g,GVLlQsDfkVTKQYs2k8z8pw
q1pWUFcN9ClLTCGWM10U4Q,7rPhjVZE6S3TrnN6p9S04A
qNIRPqiuDeUoaMRQG5mJjw,CaWotbcoyneeaTCsOjLX8w
q_NWT1y-f5Pv2iMa_-GKvQ,NLI3wm8wwgjBiWWYq9Kujw
r7b5ULGONKpqfKrKKtFAew,YXX-4ESj_t3KllW8_0xl7w
rC3n0G6BcOVP8hB_nhGkTg,AXMjlg-bkNde2LG2d12XlQ
rEYzHFgpSNuWfcmE4Sz-wQ,j-shfE8sQDHGzlc9OkpnSQ
rXCvORz8_-kYobB_xD2eHQ,BSwsCMb2gn8FRvNGvG3XIg
r_YP6Dy8FjMmfTq10C2YwA,mxwCbdnVe-eztnpmWw_sdw
r__YDdP8PKYDbemCQA5v_A,2hkRftytfMQlv196dhUyoQ
sY1WNh-nNobn2X27-dDn1A,9UrxI6oovDu3BwFFS4i8bA
seqlbOxD_SmFPg_cRGNqAQ,MFOZkgz9MCfj74J_cwMkHw
surY6tW6Lfpd1-AZHdTIYg,HTy2TbGCsv4r8LAsF9CkFA
t3XyO5QpDBWWNbWdjJoJPw,LPIz0VjzdVThqCElBhlW9Q
tWKd4z-Q3AsMavV4AJn1Dg,lP9D9Epzb4sNDuQPpnkNgw
tXu_2xgdB56IQV3cD-Oklw,pFsgpQvR2n721hvL2wZ4KQ
tvPi-uWY3-AFBX-XPSx7Mw,KLjGjauJ6Ilr_k-RRygKCQ
tvWPl7TaSFbLFcE6-O4WuA,XrWZKZugHlvik4og4lbPVg
u27luWm8RsOkrZJi3NWk1g,HQRuniAtwdx7rgbuFr_LtA
uhutKN1PiKqWNJdViUqUCA,gxBNIcCpENSgZ7PaQPKbYw
ummb4mljf3vjnpS_ddIGow,lEQs-hOh9T5cRQ6sYIYG3g
unqZmQlDcFMWGpzMjG6Cug,V_pog3RQIQGEgry3717udA
v2CWYnYUqQd6QRY5rteYIg,pybj57dPIKLXcvXEg-ftdw
vdJxznmtvDXH18HwbuOiIg,7pwjAAxRGUwuViMtrlDp_A
vtFL6mcHWdByea63CfuWyA,0BXNIsVcCqxevZTZ8clF1A
w2_6NuJkfjuJS6n2B3mAew,oBOr2Wv0vASo-I3Wj_lXRQ
wI7eZEPqjws5OePFbyZ0og,oK652RwkLwG_QZM-a6QB4w
wIKiiKl02d9Gq0uCacYHYA,JY1supqjNl5G4jjkSz81XA
wOVP1NewQYtRKTlP70-IRA,4WvfFR2g3c7cjOvpoycRQg
wRDK5l5fh8QT9nNPEuZEOQ,3Jh7mFGeVtsrxCTA7LhIrw
wu0ma3b3vF0ermoQYAwxIg,lvqx4h2nJVv7PbdDbZ9Fgw
wvFaRgGG696W66P90pxJ3Q,OAtimk8ddr5Wa5tTad1PAA
xE2xFpB9EAeMuZEQ2RmxBA,oWMVgnH8i3A8Ec7JLapbLg
xQkeq_4kK0jzKuAQi9o7qQ,FwxvJzW_JOjl5RUSdJQ-Og
xdOqi6Pbb-Zw8rVGD3du_g,EZHXJ5SJFoILIs0ohs6Frw
xfmHe-GYVabLRFNSBmvaYw,1-hrmqLQP3VmIlRkZ-ntzA
yLkAkIKB8fzi6A8u1pQ9MA,KcOtvqgdEq-V9V5a-Cuz9w
yP44PzvaexzPgaT5oW8xKA,iBHV2PV5G4mx4EeoUnnyzg
yZAiRNrhOqyNVJxPVAlQ2Q,WBuYYxJVJgka4bHPhI6bLA
ya4fA26wQs4yfOkhoQ9J6Q,4ZyGeTHbjwkImBcVnvTP3A
yiRQiIiOSFwWXJAT5S0ubA,77ggyioqbL45YaMkQDzLog
yjnhjDRqDaqpCK_iZO91Ig,vk7UijLZcX0xBaJqsszsmA
ykwBsll5AzeQAcAXaMJLcA,T0hV4L7_Etf-zFOMVuWahg
yoNpf-Sec_R0wiOMqrbXlQ,sWe6AaPPxfrWD11p0kLsKw
yrlIJTA1AoZhvI3ozRWtmw,XhM9YPVWhjQRT1Xmt_AjQg
z6Zv5usritL3peMcCYPdDA,XuGRsndWxTGehtsDbixhsg
zCgur7XKY_NmkNF2CQY2Ug,8qxU5AvbOPI7mus580mGGQ
zDL2vQjHMjNsd4rZbDiKfQ,o9X23jIbYLeM3361NcJr5A
zHuB4CRc5K5l_af0eTj5-g,lTfL5onrF9qEY4kVgqw23g
zULPKH1fCOsLOyp1B7kKKg,vzzIUSxSyPp4jpmLG2Sdlw
zeZNWkAc7v20QeAMogvGew,c3vMfKItwgQyKkOSWR5Y8w
zqbAz3ylQ8QwRjqVs5Wfkw,HazV20K2aGMGdo8ry-50CA