en/signUpMail.md,1989
ru/signUpMail.md,1989
hi/signUpMail.md,1989
ko/signUpMail.md,1989
de/signUpMail.md,1989
fr/signUpMail.md,1989
it/signUpMail.md,1989
ja/signUpMail.md,1989
es/signUpMail.md,1989
ar/signUpMail.md,1989
id/signUpMail.md,1989
nl/signUpMail.md,1989
tr/signUpMail.md,1989
pl/signUpMail.md,1989
zh-TW/signUpMail.md,1989
sv/signUpMail.md,1989
no/signUpMail.md,1989
th/signUpMail.md,1989
vi/signUpMail.md,1989
ceb/signUpMail.md,1989
bn/signUpMail.md,1989
fa/signUpMail.md,1989
mr/signUpMail.md,1989
ms/signUpMail.md,1989
ur/signUpMail.md,1989
ta/signUpMail.md,1989
af/signUpMail.md,1989
da/signUpMail.md,1989
ro/signUpMail.md,1989
cs/signUpMail.md,1989
kn/signUpMail.md,1989
pt/signUpMail.md,1989
fi/signUpMail.md,1989
gu/signUpMail.md,1989
te/signUpMail.md,1989
ca/signUpMail.md,1989
kk/signUpMail.md,1989
hu/signUpMail.md,1989
el/signUpMail.md,1989
uk/signUpMail.md,1989
sk/signUpMail.md,1989
sw/signUpMail.md,1989
si/signUpMail.md,1989
lb/signUpMail.md,1989
hr/signUpMail.md,1989
cy/signUpMail.md,1989
az/signUpMail.md,1989
eu/signUpMail.md,1989
bg/signUpMail.md,1989
or/signUpMail.md,1989
be/signUpMail.md,1989
gl/signUpMail.md,1989
sl/signUpMail.md,1989
sr/signUpMail.md,1989
lv/signUpMail.md,1989
my/signUpMail.md,1989
et/signUpMail.md,1989
sd/signUpMail.md,1989
lt/signUpMail.md,1989
km/signUpMail.md,1989
ka/signUpMail.md,1989
bs/signUpMail.md,1989
ne/signUpMail.md,1989
hy/signUpMail.md,1989
sq/signUpMail.md,1989
lo/signUpMail.md,1989
iw/signUpMail.md,1989
is/signUpMail.md,1989
as/signUpMail.md,1989
mt/signUpMail.md,1989
mk/signUpMail.md,1989
fil/signUpMail.md,1989
jv/signUpMail.md,1989
uz/signUpMail.md,1989
en/passwordResetMail.md,2009
ru/passwordResetMail.md,2009
de/passwordResetMail.md,2009
it/passwordResetMail.md,2009
hi/passwordResetMail.md,2009
ko/passwordResetMail.md,2009
fr/passwordResetMail.md,2009
ja/passwordResetMail.md,2009
es/passwordResetMail.md,2009
id/passwordResetMail.md,2009
tr/passwordResetMail.md,2009
ar/passwordResetMail.md,2009
sv/passwordResetMail.md,2009
zh-TW/passwordResetMail.md,2009
pl/passwordResetMail.md,2009
th/passwordResetMail.md,2009
no/passwordResetMail.md,2009
nl/passwordResetMail.md,2009
vi/passwordResetMail.md,2009
mr/passwordResetMail.md,2009
ms/passwordResetMail.md,2009
fa/passwordResetMail.md,2009
bn/passwordResetMail.md,2009
ceb/passwordResetMail.md,2009
da/passwordResetMail.md,2009
af/passwordResetMail.md,2009
ur/passwordResetMail.md,2009
ta/passwordResetMail.md,2009
pt/passwordResetMail.md,2009
ro/passwordResetMail.md,2009
fi/passwordResetMail.md,2009
cs/passwordResetMail.md,2009
kn/passwordResetMail.md,2009
ca/passwordResetMail.md,2009
el/passwordResetMail.md,2009
gu/passwordResetMail.md,2009
kk/passwordResetMail.md,2009
te/passwordResetMail.md,2009
hu/passwordResetMail.md,2009
uk/passwordResetMail.md,2009
sk/passwordResetMail.md,2009
sw/passwordResetMail.md,2009
cy/passwordResetMail.md,2009
bg/passwordResetMail.md,2009
eu/passwordResetMail.md,2009
hr/passwordResetMail.md,2009
si/passwordResetMail.md,2009
lb/passwordResetMail.md,2009
az/passwordResetMail.md,2009
lt/passwordResetMail.md,2009
or/passwordResetMail.md,2009
sr/passwordResetMail.md,2009
be/passwordResetMail.md,2009
my/passwordResetMail.md,2009
gl/passwordResetMail.md,2009
sd/passwordResetMail.md,2009
et/passwordResetMail.md,2009
lv/passwordResetMail.md,2009
as/passwordResetMail.md,2009
ne/passwordResetMail.md,2009
km/passwordResetMail.md,2009
hy/passwordResetMail.md,2009
bs/passwordResetMail.md,2009
ka/passwordResetMail.md,2009
is/passwordResetMail.md,2009
lo/passwordResetMail.md,2009
sl/passwordResetMail.md,2009
mk/passwordResetMail.md,2009
fil/passwordResetMail.md,2009
sq/passwordResetMail.md,2009
mt/passwordResetMail.md,2009
jv/passwordResetMail.md,2009
iw/passwordResetMail.md,2009
uz/passwordResetMail.md,2009
en/mailChangeOld.md,2067
hi/mailChangeOld.md,2067
it/mailChangeOld.md,2067
ko/mailChangeOld.md,2067
ja/mailChangeOld.md,2067
de/mailChangeOld.md,2067
ru/mailChangeOld.md,2067
fr/mailChangeOld.md,2067
es/mailChangeOld.md,2067
id/mailChangeOld.md,2067
ar/mailChangeOld.md,2067
tr/mailChangeOld.md,2067
nl/mailChangeOld.md,2067
zh-TW/mailChangeOld.md,2067
sv/mailChangeOld.md,2067
no/mailChangeOld.md,2067
pl/mailChangeOld.md,2067
th/mailChangeOld.md,2067
mr/mailChangeOld.md,2067
vi/mailChangeOld.md,2067
bn/mailChangeOld.md,2067
ceb/mailChangeOld.md,2067
ms/mailChangeOld.md,2067
fa/mailChangeOld.md,2067
da/mailChangeOld.md,2067
af/mailChangeOld.md,2067
ro/mailChangeOld.md,2067
pt/mailChangeOld.md,2067
fi/mailChangeOld.md,2067
ta/mailChangeOld.md,2067
ur/mailChangeOld.md,2067
cs/mailChangeOld.md,2067
kn/mailChangeOld.md,2067
ca/mailChangeOld.md,2067
gu/mailChangeOld.md,2067
te/mailChangeOld.md,2067
kk/mailChangeOld.md,2067
el/mailChangeOld.md,2067
hu/mailChangeOld.md,2067
sk/mailChangeOld.md,2067
bg/mailChangeOld.md,2067
uk/mailChangeOld.md,2067
sw/mailChangeOld.md,2067
si/mailChangeOld.md,2067
cy/mailChangeOld.md,2067
eu/mailChangeOld.md,2067
hr/mailChangeOld.md,2067
lb/mailChangeOld.md,2067
lt/mailChangeOld.md,2067
az/mailChangeOld.md,2067
or/mailChangeOld.md,2067
sr/mailChangeOld.md,2067
sd/mailChangeOld.md,2067
be/mailChangeOld.md,2067
gl/mailChangeOld.md,2067
my/mailChangeOld.md,2067
sl/mailChangeOld.md,2067
et/mailChangeOld.md,2067
lv/mailChangeOld.md,2067
ne/mailChangeOld.md,2067
hy/mailChangeOld.md,2067
km/mailChangeOld.md,2067
as/mailChangeOld.md,2067
ka/mailChangeOld.md,2067
bs/mailChangeOld.md,2067
mt/mailChangeOld.md,2067
lo/mailChangeOld.md,2067
jv/mailChangeOld.md,2067
is/mailChangeOld.md,2067
iw/mailChangeOld.md,2067
mk/mailChangeOld.md,2067
fil/mailChangeOld.md,2067
sq/mailChangeOld.md,2067
en/mailChangeNew.md,2071
uz/mailChangeOld.md,2067
fr/mailChangeNew.md,2071
de/mailChangeNew.md,2071
ja/mailChangeNew.md,2071
hi/mailChangeNew.md,2071
es/mailChangeNew.md,2071
ru/mailChangeNew.md,2071
ko/mailChangeNew.md,2071
it/mailChangeNew.md,2071
id/mailChangeNew.md,2071
tr/mailChangeNew.md,2071
pl/mailChangeNew.md,2071
nl/mailChangeNew.md,2071
ar/mailChangeNew.md,2071
sv/mailChangeNew.md,2071
zh-TW/mailChangeNew.md,2071
bn/mailChangeNew.md,2071
fa/mailChangeNew.md,2071
no/mailChangeNew.md,2071
th/mailChangeNew.md,2071
vi/mailChangeNew.md,2071
ceb/mailChangeNew.md,2071
mr/mailChangeNew.md,2071
ms/mailChangeNew.md,2071
ta/mailChangeNew.md,2071
da/mailChangeNew.md,2071
af/mailChangeNew.md,2071
ur/mailChangeNew.md,2071
cs/mailChangeNew.md,2071
ro/mailChangeNew.md,2071
kn/mailChangeNew.md,2071
pt/mailChangeNew.md,2071
fi/mailChangeNew.md,2071
gu/mailChangeNew.md,2071
ca/mailChangeNew.md,2071
kk/mailChangeNew.md,2071
te/mailChangeNew.md,2071
el/mailChangeNew.md,2071
uk/mailChangeNew.md,2071
sk/mailChangeNew.md,2071
hu/mailChangeNew.md,2071
sw/mailChangeNew.md,2071
si/mailChangeNew.md,2071
hr/mailChangeNew.md,2071
bg/mailChangeNew.md,2071
cy/mailChangeNew.md,2071
eu/mailChangeNew.md,2071
lb/mailChangeNew.md,2071
az/mailChangeNew.md,2071
lt/mailChangeNew.md,2071
sd/mailChangeNew.md,2071
or/mailChangeNew.md,2071
sr/mailChangeNew.md,2071
gl/mailChangeNew.md,2071
be/mailChangeNew.md,2071
my/mailChangeNew.md,2071
sl/mailChangeNew.md,2071
et/mailChangeNew.md,2071
lv/mailChangeNew.md,2071
as/mailChangeNew.md,2071
km/mailChangeNew.md,2071
ne/mailChangeNew.md,2071
hy/mailChangeNew.md,2071
bs/mailChangeNew.md,2071
mk/mailChangeNew.md,2071
sq/mailChangeNew.md,2071
ka/mailChangeNew.md,2071
iw/mailChangeNew.md,2071
is/mailChangeNew.md,2071
lo/mailChangeNew.md,2071
mt/mailChangeNew.md,2071
fil/mailChangeNew.md,2071
uz/mailChangeNew.md,2071
jv/mailChangeNew.md,2071
en/mailBind.md,2417
ja/mailBind.md,2417
it/mailBind.md,2417
ko/mailBind.md,2417
ru/mailBind.md,2417
hi/mailBind.md,2417
fr/mailBind.md,2417
de/mailBind.md,2417
es/mailBind.md,2417
ar/mailBind.md,2417
id/mailBind.md,2417
zh-TW/mailBind.md,2417
tr/mailBind.md,2417
nl/mailBind.md,2417
pl/mailBind.md,2417
sv/mailBind.md,2417
no/mailBind.md,2417
vi/mailBind.md,2417
bn/mailBind.md,2417
mr/mailBind.md,2417
th/mailBind.md,2417
fa/mailBind.md,2417
ms/mailBind.md,2417
ceb/mailBind.md,2417
af/mailBind.md,2417
ur/mailBind.md,2417
ta/mailBind.md,2417
da/mailBind.md,2417
ro/mailBind.md,2417
cs/mailBind.md,2417
kn/mailBind.md,2417
fi/mailBind.md,2417
pt/mailBind.md,2417
el/mailBind.md,2417
ca/mailBind.md,2417
gu/mailBind.md,2417
te/mailBind.md,2417
kk/mailBind.md,2417
hu/mailBind.md,2417
uk/mailBind.md,2417
sk/mailBind.md,2417
sw/mailBind.md,2417
eu/mailBind.md,2417
cy/mailBind.md,2417
si/mailBind.md,2417
bg/mailBind.md,2417
hr/mailBind.md,2417
lb/mailBind.md,2417
lt/mailBind.md,2417
az/mailBind.md,2417
gl/mailBind.md,2417
or/mailBind.md,2417
sr/mailBind.md,2417
sl/mailBind.md,2417
be/mailBind.md,2417
sd/mailBind.md,2417
my/mailBind.md,2417
as/mailBind.md,2417
et/mailBind.md,2417
km/mailBind.md,2417
lv/mailBind.md,2417
ne/mailBind.md,2417
bs/mailBind.md,2417
ka/mailBind.md,2417
hy/mailBind.md,2417
is/mailBind.md,2417
mk/mailBind.md,2417
iw/mailBind.md,2417
sq/mailBind.md,2417
fil/mailBind.md,2417
jv/mailBind.md,2417
mt/mailBind.md,2417
lo/mailBind.md,2417
uz/mailBind.md,2417